{"PackageRepositories":[{"id":"0501159a-a6a0-4ec4-910b-4b6c8b15b23e","description":"","name":"图形学","author":"shiyuan","latestVersion":"v0.0.3","latestDownloadUrl":"http://file.liangxiegame.com/图形学v0_0_3_c9dd123e_2f8f_4dfa_84cd_82fa357e4fb2.unitypackage","installPath":"Assets/图形学/","accessRight":"public","type":"Shader"},{"id":"cd29eb28-d1cf-424d-8528-e29727a4c08a","description":"","name":"_Scripts&ScriptableObjects","author":"17355379789","latestVersion":"v0.0.1","latestDownloadUrl":"https://file.liangxiegame.com/_Scripts&ScriptableObjectsv0_0_1_66a16b8b_e142_437a_8347_9830b9539e13.unitypackage","installPath":"Assets/_Scripts&ScriptableObjects/","accessRight":"public","type":"Framework"},{"id":"4ca144f0-ab16-431a-b6a4-fa35a71e020c","description":"","name":"XiaoxiaoShaderLab","author":"HuTao","latestVersion":"v0.2.6","latestDownloadUrl":"http://file.liangxiegame.com/XiaoxiaoShaderLabv0_2_6_5398082f_80e4_4c32_af0a_a42395fabe19.unitypackage","installPath":"Assets/XiaoxiaoShaderLab/","accessRight":"public","type":"Shader"},{"id":"3a468eb5-9d00-4786-ae57-aa9ce3861bad","description":"","name":"XiaobanLib","author":"caiee","latestVersion":"v0.0.1","latestDownloadUrl":"https://file.liangxiegame.com/XiaobanLibv0_0_1_8da05846_d603_49ba_9a92_69e4db6809ec.unitypackage","installPath":"Assets/XiaobanLib/","accessRight":"public","type":"Framework"},{"id":"c7ab022e-cc5b-4e18-9f8a-89ed2e8c15a8","description":"","name":"VersionCheckKit","author":"liangxie","latestVersion":"v0.2.4","latestDownloadUrl":"https://file.liangxiegame.com/VersionCheckKitv0_2_4_a92b8cad_6b08_4445_8ef8_e016b44edf6b.unitypackage","installPath":"Assets/VersionCheckKit/","accessRight":"public","type":"Plugin"},{"id":"9518015f-3940-4f2a-9561-23367992ab43","description":"","name":"UniRxExtensions","author":"liangxie","latestVersion":"v0.0.2","latestDownloadUrl":"http://file.liangxiegame.com/UniRxExtensionsv0_0_2_0880f776_2ccf_4834_94c4_aeae413302ad.unitypackage","installPath":"Assets/QFramework/Extensions/UniRxExtensions/","accessRight":"public","type":"Plugin"},{"id":"72db6066-f805-4c8a-b40f-65b5cbf9c0c0","description":"","name":"UIWidgetsReduxPersist","author":"liangxie","latestVersion":"v0.3.0","latestDownloadUrl":"http://file.liangxiegame.com/UIWidgetsReduxPersistv0_3_0_e119c063_9098_435b_91f1_7e036a9d4acd.unitypackage","installPath":"Assets/QFramework/UIWidgetsReduxPersist/","accessRight":"public","type":"Plugin"},{"id":"0275c9da-c7ef-4f43-89b6-419bbd262a8c","description":"","name":"UIKitTransition","author":"liangxie","latestVersion":"v0.0.1","latestDownloadUrl":"http://file.liangxiegame.com/UIKitTransitionv0_0_1_a9c60351_695a_41ed_b6c4_8db806ee543a.unitypackage","installPath":"Assets/QFramework/Extensions/UIKitTransition/","accessRight":"public","type":"Plugin"},{"id":"524c1eed-260e-4192-9609-02900d82d7d6","description":"","name":"UIKitExtensions","author":"liangxie","latestVersion":"v0.0.1","latestDownloadUrl":"http://file.liangxiegame.com/UIKitExtensionsv0_0_1_a40e78a7_def8_4558_b375_ec5baf00c5d2.unitypackage","installPath":"Assets/QFramework/UIKitExtensions/","accessRight":"public","type":"Framework"},{"id":"17f23180-a641-4060-948d-f0863d135a43","description":"","name":"UIKitExample_LoadFromResources","author":"liangxie","latestVersion":"v0.0.2","latestDownloadUrl":"http://file.liangxiegame.com/UIKitExample_LoadFromResourcesv0_0_2_91e77cee_87b1_4ca9_8826_1a977da30652.unitypackage","installPath":"Assets/QFramework/UIKitExample_LoadFromResources/","accessRight":"public","type":"Example/Demo"},{"id":"9427a2b2-b118-49ae-991b-51d1f99ee279","description":"","name":"UIKitDemo_TodoList","author":"liangxie","latestVersion":"v0.0.11","latestDownloadUrl":"http://file.liangxiegame.com/UIKitDemo_TodoListv0_0_11_211f2c09_03fb_4ad4_8696_47fb6207c736.unitypackage","installPath":"Assets/QFramework/UIKitDemo_TodoList/","accessRight":"public","type":"Example/Demo"},{"id":"41619e5b-630f-43da-9bd1-c526b83c7b9e","description":"","name":"UIImageWaveDirectionShader","author":"liangxie","latestVersion":"v0.0.7","latestDownloadUrl":"http://file.liangxiegame.com/UIImageWaveDirectionShaderv0_0_7_78ee6322_b5e1_4872_9e37_12f9c0abfb31.unitypackage","installPath":"Assets/QFramework/Effect/UIImageWaveDirectionShader/","accessRight":"public","type":"Shader"},{"id":"c354ebd7-d9b4-4e54-a5dc-969bb3bc674a","description":"","name":"UIImageWaveCircleShader","author":"liangxie","latestVersion":"v0.0.5","latestDownloadUrl":"http://file.liangxiegame.com/UIImageWaveCircleShaderv0_0_5_5cb9afb2_860c_4354_8d86_68bb77ab92b4.unitypackage","installPath":"Assets/QFramework/Effect/UIImageWaveCircleShader/","accessRight":"public","type":"Shader"},{"id":"62ab8268-4b1a-41ce-99c5-0a8a40fad137","description":"","name":"UIImageSpotLightShader","author":"liangxie","latestVersion":"v0.0.3","latestDownloadUrl":"http://file.liangxiegame.com/UIImageSpotLightShaderv0_0_3_bbb031a4_4059_44df_a300_218811decd98.unitypackage","installPath":"Assets/QFramework/Effect/UIImageSpotLightShader/","accessRight":"public","type":"Shader"},{"id":"1a6c997f-2960-4adc-a4e7-6f2133156b40","description":"","name":"UIImageSharpShader","author":"liangxie","latestVersion":"v0.0.3","latestDownloadUrl":"http://file.liangxiegame.com/UIImageSharpShaderv0_0_3_5232a557_1499_4463_8cbe_83bdd626b924.unitypackage","installPath":"Assets/QFramework/Effect/UIImageSharpShader/","accessRight":"public","type":"Shader"},{"id":"56f90411-9b5b-4922-83a1-2caf4dbb90bd","description":"","name":"UIImageRoundCornerShader","author":"liangxie","latestVersion":"v0.0.5","latestDownloadUrl":"http://file.liangxiegame.com/UIImageRoundCornerShaderv0_0_5_50ad2031_2b5a_4d7d_8f3f_5a7ccc6aa3ba.unitypackage","installPath":"Assets/QFramework/Shaders/UIImageRoundCornerShader/","accessRight":"public","type":"Shader"},{"id":"5ae25b1d-6f72-4ffa-8d69-ef361736849d","description":"","name":"UIImageReliefShader","author":"liangxie","latestVersion":"v0.0.3","latestDownloadUrl":"http://file.liangxiegame.com/UIImageReliefShaderv0_0_3_86c5a1b2_2623_41e9_bcf2_6d71bd079f30.unitypackage","installPath":"Assets/QFramework/Effect/UIImageReliefShader/","accessRight":"public","type":"Shader"},{"id":"c04cf0af-bcda-4830-a18a-b8a3108f468a","description":"","name":"UIImageReflectionShader","author":"liangxie","latestVersion":"v0.0.5","latestDownloadUrl":"http://file.liangxiegame.com/UIImageReflectionShaderv0_0_5_5372fb42_6ec9_4d9f_ac10_28ed5509f563.unitypackage","installPath":"Assets/QFramework/Effect/UIImageReflectionShader/","accessRight":"public","type":"Shader"},{"id":"0d708e46-31f6-4c3e-b0d7-076d1a04414c","description":"","name":"UIImageOutlineShader","author":"liangxie","latestVersion":"v0.0.4","latestDownloadUrl":"http://file.liangxiegame.com/UIImageOutlineShaderv0_0_4_026cce6a_c75f_4fac_a010_405f7b89d81f.unitypackage","installPath":"Assets/QFramework/Effect/UIImageOutlineShader/","accessRight":"public","type":"Shader"},{"id":"4a78b663-171d-46ad-aa40-67de92dc45ec","description":"","name":"UIImageOutlineAlphaShader","author":"liangxie","latestVersion":"v0.0.4","latestDownloadUrl":"http://file.liangxiegame.com/UIImageOutlineAlphaShaderv0_0_4_f01a088d_dcd4_4038_94fb_556e21b50a61.unitypackage","installPath":"Assets/QFramework/Effect/UIImageOutlineAlphaShader/","accessRight":"public","type":"Shader"},{"id":"1e4cd76b-70a3-4cdb-ae5f-5e4a0cbb0418","description":"","name":"UIImageGrayShader","author":"liangxie","latestVersion":"v0.0.8","latestDownloadUrl":"http://file.liangxiegame.com/UIImageGrayShaderv0_0_8_97236a77_a665_4002_a609_cf96c0ea66c5.unitypackage","installPath":"Assets/QFramework/Effect/UIImageGrayShader/","accessRight":"public","type":"Shader"},{"id":"d4f613aa-b9f7-4249-a783-5ecbd85be1db","description":"","name":"UIImageGradientShader","author":"liangxie","latestVersion":"v0.0.4","latestDownloadUrl":"http://file.liangxiegame.com/UIImageGradientShaderv0_0_4_3c529ad3_a597_4686_ae23_6803feebe174.unitypackage","installPath":"Assets/QFramework/Effect/UIImageGradientShader/","accessRight":"public","type":"Shader"},{"id":"051af663-c338-406f-a400-6d7e3a627cdc","description":"","name":"UIImageFlashLightShader","author":"liangxie","latestVersion":"v0.0.5","latestDownloadUrl":"http://file.liangxiegame.com/UIImageFlashLightShaderv0_0_5_06578e5d_47b9_4f62_b4d9_67028099a747.unitypackage","installPath":"Assets/QFramework/Effect/UIImageFlashLightShader/","accessRight":"public","type":"Shader"},{"id":"16971047-03d0-48a1-b9f3-3507eafcc002","description":"","name":"UIImageColorFilterShader","author":"liangxie","latestVersion":"v0.0.3","latestDownloadUrl":"http://file.liangxiegame.com/UIImageColorFilterShaderv0_0_3_b8ceb86e_5754_445b_8018_71654a0302ba.unitypackage","installPath":"Assets/QFramework/Effect/UIImageColorFilterShader/","accessRight":"public","type":"Shader"},{"id":"d7fc13b9-b59c-45b5-8db9-6f9b6ea20d03","description":"","name":"UIImageBumpsShader","author":"liangxie","latestVersion":"v0.0.5","latestDownloadUrl":"http://file.liangxiegame.com/UIImageBumpsShaderv0_0_5_d7626359_47d5_4add_be58_23ba0d09c089.unitypackage","installPath":"Assets/QFramework/Effect/UIImageBumpsShader/","accessRight":"public","type":"Shader"},{"id":"30063b6f-261b-4842-a328-3acdff11ffe6","description":"","name":"UIImageBlurShader","author":"liangxie","latestVersion":"v0.0.5","latestDownloadUrl":"http://file.liangxiegame.com/UIImageBlurShaderv0_0_5_d373ff2f_fef0_42f7_9346_18f4a6b60d2a.unitypackage","installPath":"Assets/QFramework/Effect/UIImageBlurShader/","accessRight":"public","type":"Shader"},{"id":"ed628ce1-ad0a-4219-8498-8a2043eff562","description":"","name":"UIImageBlurFocusShader","author":"liangxie","latestVersion":"v0.0.5","latestDownloadUrl":"http://file.liangxiegame.com/UIImageBlurFocusShaderv0_0_5_07ff1328_710a_4d28_9caa_495831de703e.unitypackage","installPath":"Assets/QFramework/Effect/UIImageBlurFocusShader/","accessRight":"public","type":"Shader"},{"id":"40abb7fd-79e8-41fb-8d48-a7a2ffb4e5dc","description":"","name":"UIImageBlurAdvancedShader","author":"liangxie","latestVersion":"v0.0.5","latestDownloadUrl":"http://file.liangxiegame.com/UIImageBlurAdvancedShaderv0_0_5_0445866c_afe2_44e6_aefe_8186c88aaf1a.unitypackage","installPath":"Assets/QFramework/Effect/UIImageBlurAdvancedShader/","accessRight":"public","type":"Shader"},{"id":"15becdf6-4b87-4931-8b5c-98c21a6307f5","description":"","name":"UIImageBloomShader","author":"liangxie","latestVersion":"v0.0.8","latestDownloadUrl":"http://file.liangxiegame.com/UIImageBloomShaderv0_0_8_8ff07282_1413_4bab_af5b_7bc11d25b3bf.unitypackage","installPath":"Assets/QFramework/Effect/UIImageBloomShader/","accessRight":"public","type":"Shader"},{"id":"80824298-b107-41db-9764-7e5362c2a8aa","description":"","name":"TypeEventSystemExample","author":"liangxie","latestVersion":"v0.0.2","latestDownloadUrl":"https://file.liangxiegame.com/TypeEventSystemExamplev0_0_2_7097f07a_9fe6_444d_9ed7_4f31b1897da2.unitypackage","installPath":"Assets/QFramework/Examples/FrameworkExamples/0.PackageKitExample/TypeEventSystemExample/","accessRight":"public","type":"Example/Demo"},{"id":"f2c805ff-b2f7-4a7a-9004-89f2e0d07247","description":"","name":"TypeEventSystem","author":"liangxie","latestVersion":"v0.0.1","latestDownloadUrl":"http://file.liangxiegame.com/TypeEventSystemv0_0_1_b360eb68_9d1a_45e1_a552_d8b28bfb818d.unitypackage","installPath":"Assets/QFramework/Framework/0.PackageKit/TypeEventSystem/","accessRight":"public","type":"Plugin"},{"id":"c2379f9a-05cb-44d0-8181-fb3ff522b41c","description":"","name":"SuperTiled2Unity","author":"shiyuan","latestVersion":"v0.0.1","latestDownloadUrl":"http://file.liangxiegame.com/SuperTiled2Unityv0_0_1_930a7d9e_57b7_406d_939c_a94eba553468.unitypackage","installPath":"Assets/SuperTiled2Unity/","accessRight":"public","type":"Framework"},{"id":"983dd2a0-1d68-4b13-8324-75094cc7c74f","description":"","name":"SingletonExample","author":"liangxie","latestVersion":"v0.1.1","latestDownloadUrl":"http://file.liangxiegame.com/SingletonExamplev0_1_1_f8f2fa28_9778_4ec4_b09c_5d81d752c18b.unitypackage","installPath":"Assets/QFrameworkExample/1.CoreExample/SingletonExample/","accessRight":"public","type":"Example/Demo"},{"id":"f4660399-cd72-47b8-8da1-1e70b0188d1f","description":"","name":"Singleton","author":"liangxie","latestVersion":"v0.1.1","latestDownloadUrl":"http://file.liangxiegame.com/Singletonv0_1_1_3b6c3abf_ceeb_4cfd_b83b_d1960a47659c.unitypackage","installPath":"Assets/QFramework/Framework/1.Core/Singleton/","accessRight":"public","type":"Plugin"},{"id":"ca6af905-a088-4247-852a-aeb74bcae6d5","description":"","name":"SimpleEventSystemExample","author":"liangxie","latestVersion":"v0.0.2","latestDownloadUrl":"http://file.liangxiegame.com/SimpleEventSystemExamplev0_0_2_a0b19984_2a94_40d2_94b5_e55fce3fca8e.unitypackage","installPath":"Assets/QFramework/Extensions/SimpleEventSystemExample/","accessRight":"public","type":"Plugin"},{"id":"07db8e19-b49f-4f0d-a320-145613ea3310","description":"","name":"SimpleEventSystem","author":"liangxie","latestVersion":"v0.0.1","latestDownloadUrl":"http://file.liangxiegame.com/SimpleEventSystemv0_0_1_134e3e15_7a28_4472_a734_07e03fa2c489.unitypackage","installPath":"Assets/QFramework/Extensions/SimpleEventSystem/","accessRight":"public","type":"Plugin"},{"id":"147c30e4-da22-4e11-ac1f-f32c8f56f4b6","description":"","name":"SimpleComponents","author":"liangxie","latestVersion":"v0.1.0","latestDownloadUrl":"https://file.liangxiegame.com/SimpleComponentsv0_1_0_51dfcbe1_349e_4422_8b05_fbc3d218e359.unitypackage","installPath":"Assets/QFramework/SimpleComponents/","accessRight":"public","type":"Framework"},{"id":"82a8a749-3cd0-4667-bdf9-75f2d4e3dfd2","description":"","name":"SimpleCameraControl","author":"Starry","latestVersion":"v0.0.3","latestDownloadUrl":"http://file.liangxiegame.com/SimpleCameraControlv0_0_3_716f4f2b_f78a_41d3_b689_5e803ab1a4cb.unitypackage","installPath":"Assets/SimpleCameraControl/","accessRight":"public","type":"Plugin"},{"id":"08c0e5e6-f9d5-4b1b-8819-030279683ccf","description":"##  介绍","name":"ShaderLib","author":"liangxie","latestVersion":"v0.2.0","latestDownloadUrl":"http://file.liangxiegame.com/ShaderLibv0_2_0_ac6a5ab5_43da_4f7b_b75e_8b4ec117d7e2.unitypackage","installPath":"Assets/QFramework/Shaders/ShaderLib/","accessRight":"public","type":"Framework"},{"id":"988228e7-be55-430c-bbd5-4f6d64ed1ad6","description":"","name":"ScriptKitXLua","author":"liangxie","latestVersion":"v0.1.0","latestDownloadUrl":"http://file.liangxiegame.com/ScriptKitXLuav0_1_0_88fc2404_6203_4744_bbb9_d55f1def9d1a.unitypackage","installPath":"Assets/ScriptKitXLua/","accessRight":"public","type":"Plugin"},{"id":"353a4545-b7ed-423e-82f6-efff229b489a","description":"","name":"ScriptKitVisualScripting","author":"liangxie","latestVersion":"v0.0.2","latestDownloadUrl":"https://file.liangxiegame.com/ScriptKitVisualScriptingv0_0_2_5cf74a13_f03d_40db_85a0_33ae6895e068.unitypackage","installPath":"Assets/QFramework/Scripting/ScriptKitVisualScripting/","accessRight":"public","type":"Plugin"},{"id":"84b96d49-f0ec-43e2-9522-e45bf6425d6e","description":"","name":"ScriptKitToLua","author":"liangxie","latestVersion":"v0.2.1","latestDownloadUrl":"https://file.liangxiegame.com/ScriptKitToLuav0_2_1_8d05a1f5_fe73_4bd1_84eb_1678cca73d2d.unitypackage","installPath":"Assets/QFramework/Scripting/ScriptKitToLua/","accessRight":"public","type":"Plugin"},{"id":"105fb2fa-831b-47d3-8ae8-cb6b32604307","description":"","name":"ScriptKitMoonSharp","author":"liangxie","latestVersion":"v0.1.0","latestDownloadUrl":"http://file.liangxiegame.com/ScriptKitMoonSharpv0_1_0_5b948850_035c_40e8_8ffe_403edc3d92c7.unitypackage","installPath":"Assets/ScriptKitMoonSharp/","accessRight":"public","type":"Plugin"},{"id":"c3fa3099-1212-43e8-b27f-9ba0e5c29998","description":"","name":"ScriptKitJSBinding","author":"liangxie","latestVersion":"v0.0.1","latestDownloadUrl":"http://file.liangxiegame.com/ScriptKitJSBindingv0_0_1_fa60c93c_94af_4746_b4aa_ebba5e9a053e.unitypackage","installPath":"Assets/ScriptKitJSBinding/","accessRight":"public","type":"Framework"},{"id":"fd073e1a-39ac-4bf2-9214-ece4eacd2e0a","description":"","name":"ScriptKitILRuntimeTetrisDemo","author":"liangxie","latestVersion":"v0.3.7","latestDownloadUrl":"https://file.liangxiegame.com/ScriptKitILRuntimeTetrisDemov0_3_7_bb8bdd97_1f13_4875_9573_97cf9603f350.unitypackage","installPath":"Assets/ScriptKitILRuntimeTetrisDemo/","accessRight":"public","type":"Plugin"},{"id":"48547f1e-8895-4751-a695-0fb9863e9453","description":"","name":"ScriptKitILRuntime","author":"liangxie","latestVersion":"v0.9.17","latestDownloadUrl":"https://file.liangxiegame.com/ScriptKitILRuntimev0_9_17_8645c62f_0df3_44db_a09d_8d3c894df645.unitypackage","installPath":"Assets/QFramework/Scripting/ScriptKitILRuntime/","accessRight":"public","type":"Plugin"},{"id":"8a804165-b7f3-4935-b9e8-0f4471c01fb7","description":"一套脚本 API 适配所有的 脚本语言:\n\n- [ ] ToLua（正在支持）\n- [ ] sLua\n- [ ] xLua\n- [ ] ILRuntime\n- [ ] JSBinding\n- [ ] 单纯的反射支持","name":"ScriptKit","author":"liangxie","latestVersion":"v0.3.1","latestDownloadUrl":"https://file.liangxiegame.com/ScriptKitv0_3_1_b17ec859_f9f7_4dbc_9a16_34e0012247ad.unitypackage","installPath":"Assets/QFramework/Scripting/ScriptKit/","accessRight":"public","type":"Framework"},{"id":"1f35ef3b-8eee-43eb-bdd4-90a7ef796e03","description":"","name":"rer","author":"caiee","latestVersion":"v0.0.1","latestDownloadUrl":"https://file.liangxiegame.com/rerv0_0_1_6e64e5c2_bea6_4dc9_9d27_ad8e152c3e8c.unitypackage","installPath":"Assets/rer/","accessRight":"public","type":"Framework"},{"id":"357ec511-16ec-4d17-980e-0a0afcbe891d","description":"将日志写入文件的一个工具。（减少加班利器）\n\n## 基本使用\n将 QLog 挂在一个 不会销毁的 GameObject 上。\n\n## 日志查看\n直接找到对应平台的 persistentDataPath 目录里就能看到日志了。","name":"QLog","author":"liangxie","latestVersion":"v0.1.0","latestDownloadUrl":"http://file.liangxiegame.com/QLogv0_1_0_3831e6c4_63e6_4f13_a750_23e766b0da61.unitypackage","installPath":"Assets/QFramework/QLog/","accessRight":"public","type":"Plugin"},{"id":"a3d5842b-282a-46df-86ae-f124d4802938","description":"","name":"QFramework","author":"liangxie","latestVersion":"v0.1.1","latestDownloadUrl":"https://file.liangxiegame.com/QFrameworkv0_1_1_f89acce1_56b9_4f05_9f80_9b4882ef9c31.unitypackage","installPath":"Assets/QFramework/","accessRight":"public","type":"Framework"},{"id":"de70f2b2-46e6-4f51-9457-de5264ad0643","description":"","name":"QEventSystemExample","author":"liangxie","latestVersion":"v0.0.1","latestDownloadUrl":"http://file.liangxiegame.com/QEventSystemExamplev0_0_1_242b7169_1859_4127_b52f_3bf1279d47ae.unitypackage","installPath":"Assets/QFrameworkExample/UIKitExample/QEventSystemExample/","accessRight":"public","type":"Example/Demo"},{"id":"790b369b-1538-412b-b52c-156b844908f3","description":"","name":"QConsole","author":"liangxie","latestVersion":"v0.0.6","latestDownloadUrl":"http://file.liangxiegame.com/QConsolev0_0_6_88c61e35_d495_48cf_a5d0_5dc024e12339.unitypackage","installPath":"Assets/QFramework/Tools/QConsole/","accessRight":"public","type":"Plugin"},{"id":"3df464f1-9dfe-45af-97e0-c6dde3e293d8","description":"","name":"ProtobufNet","author":"liangxie","latestVersion":"v0.0.1","latestDownloadUrl":"http://file.liangxiegame.com/ProtobufNetv0_0_1_2e295324_08a4_4aef_9b20_b6dba1e12d4d.unitypackage","installPath":"Assets/QFramework/Extensions/ProtobufNet/","accessRight":"public","type":"Plugin"},{"id":"784ea34c-2765-4657-a5eb-5705ae7dace4","description":"","name":"PostFXSnowShader","author":"liangxie","latestVersion":"v0.0.5","latestDownloadUrl":"http://file.liangxiegame.com/PostFXSnowShaderv0_0_5_08741ccd_e100_4ee6_bf58_0e8995358af8.unitypackage","installPath":"Assets/QFramework/Effect/PostFXSnowShader/","accessRight":"public","type":"Shader"},{"id":"be127380-fbe0-44f4-9867-09c30e94a65d","description":"","name":"PostFXScreenRaindropShader","author":"liangxie","latestVersion":"v0.0.6","latestDownloadUrl":"http://file.liangxiegame.com/PostFXScreenRaindropShaderv0_0_6_f1d0fdbe_45e3_4738_b2f7_3c80d7bf69cf.unitypackage","installPath":"Assets/QFramework/Effect/PostFXScreenRaindropShader/","accessRight":"public","type":"Shader"},{"id":"0c0f5e62-9679-4cfe-96b6-9c0381f14f5d","description":"","name":"PostFXRainShader","author":"liangxie","latestVersion":"v0.0.4","latestDownloadUrl":"http://file.liangxiegame.com/PostFXRainShaderv0_0_4_62001db3_11a7_49ca_a542_d74621cf13e1.unitypackage","installPath":"Assets/QFramework/Effect/PostFXRainShader/","accessRight":"public","type":"Shader"},{"id":"06457ee0-7b77-4ada-8eaa-027ed06de14c","description":"","name":"PostFXLavaShader","author":"liangxie","latestVersion":"v0.0.4","latestDownloadUrl":"http://file.liangxiegame.com/PostFXLavaShaderv0_0_4_61abd2bb_79b3_4a64_886d_12172f4a450c.unitypackage","installPath":"Assets/QFramework/Effect/PostFXLavaShader/","accessRight":"public","type":"Shader"},{"id":"ababc669-ed7e-450a-a573-04c5e051879e","description":"","name":"PostFXGrayShader","author":"liangxie","latestVersion":"v0.0.5","latestDownloadUrl":"http://file.liangxiegame.com/PostFXGrayShaderv0_0_5_f9e3144e_314b_4a45_9c0d_2519fd26be0e.unitypackage","installPath":"Assets/QFramework/Effect/PostFXGrayShader/","accessRight":"public","type":"Shader"},{"id":"4fb082ff-ea29-4182-9d63-a401465b0e5a","description":"","name":"PostFXFireParticleShader","author":"liangxie","latestVersion":"v0.0.5","latestDownloadUrl":"http://file.liangxiegame.com/PostFXFireParticleShaderv0_0_5_fce5e3ca_b985_4ada_8293_cc3b07911c88.unitypackage","installPath":"Assets/QFramework/Effect/PostFXFireParticleShader/","accessRight":"public","type":"Shader"},{"id":"9a8ca8aa-c3d4-46b5-bf85-1d51f01375f0","description":"","name":"PostFXBlurShader","author":"liangxie","latestVersion":"v0.0.5","latestDownloadUrl":"http://file.liangxiegame.com/PostFXBlurShaderv0_0_5_53053851_c2c8_4fd9_803a_5ae725234e1f.unitypackage","installPath":"Assets/QFramework/Effect/PostFXBlurShader/","accessRight":"public","type":"Shader"},{"id":"23d4d8d2-4c2f-4bd4-8a78-1daba22b6e83","description":"","name":"PostFXBloomShader","author":"liangxie","latestVersion":"v0.0.4","latestDownloadUrl":"http://file.liangxiegame.com/PostFXBloomShaderv0_0_4_d2ee2b2a_e479_495f_86bf_04bc9f99f982.unitypackage","installPath":"Assets/QFramework/Effect/PostFXBloomShader/","accessRight":"public","type":"Shader"},{"id":"c8d98aad-d198-4678-90f1-06491c5de94c","description":"asdasdasdasd","name":"Playground","author":"liangxie","latestVersion":"v0.0.1","latestDownloadUrl":"https://file.liangxiegame.com/Playgroundv0_0_1_2e90896d_a37d_45fe_a4db_0c2a86e89fb4.unitypackage","installPath":"Assets/Playground/","accessRight":"public","type":"Framework"},{"id":"31d29cab-db78-49e0-a5bf-7f2fd27a26aa","description":"","name":"PixelKit","author":"liangxie","latestVersion":"v0.0.4","latestDownloadUrl":"http://file.liangxiegame.com/PixelKitv0_0_4_1d7fb911_a95d_481b_af61_795c26855c7e.unitypackage","installPath":"Assets/QFramework/PixelKit/","accessRight":"public","type":"Plugin"},{"id":"6c0df1e8-1d86-41d2-9ba3-b156edce6eb9","description":"","name":"MyFramework","author":"m_ShiHuai","latestVersion":"v0.1.0","latestDownloadUrl":"http://file.liangxiegame.com/MyFrameworkv0_1_0_958ed851_318d_48d0_98c4_9116a278c6b1.unitypackage","installPath":"Assets/test/MyFramework/","accessRight":"public","type":"Framework"},{"id":"857d8b78-0cda-468f-8652-6ea130603e1e","description":"","name":"ManagerOfManagersExample","author":"liangxie","latestVersion":"v0.0.2","latestDownloadUrl":"http://file.liangxiegame.com/ManagerOfManagersExamplev0_0_2_b57b0fc9_14a4_4b78_a81c_282ed49b9261.unitypackage","installPath":"Assets/QFrameworkExample/UIKitExample/ManagerOfManagersExample/","accessRight":"public","type":"Example/Demo"},{"id":"a3863f11-9338-4a99-a536-631fdfc055c9","description":"","name":"JsonDotnetExtensions","author":"liangxie","latestVersion":"v0.0.4","latestDownloadUrl":"http://file.liangxiegame.com/JsonDotnetExtensionsv0_0_4_87489331_f417_4153_b759_9f55bf5ec774.unitypackage","installPath":"Assets/QFramework/Extensions/JsonDotnetExtensions/","accessRight":"public","type":"Framework"},{"id":"4c963824-edf8-4799-93ea-507869981d96","description":"","name":"IOCExample","author":"liangxie","latestVersion":"v0.2.0","latestDownloadUrl":"http://file.liangxiegame.com/IOCExamplev0_2_0_cf935557_57fd_48f1_90fd_30a817d3487d.unitypackage","installPath":"Assets/QFrameworkExample/0.PackageKitExample/IOCExample/","accessRight":"public","type":"Example/Demo"},{"id":"da286869-e592-4d9a-8f60-cbebd25e5eac","description":"","name":"IOC","author":"liangxie","latestVersion":"v0.1.1","latestDownloadUrl":"http://file.liangxiegame.com/IOCv0_1_1_25301ecf_77f2_4a04_af8f_886c47aa06ac.unitypackage","installPath":"Assets/QFramework/Framework/0.PackageKit/IOC/","accessRight":"public","type":"Plugin"},{"id":"ec9423cb-5c26-481a-8076-1974bfb2bfd5","description":"","name":"IceInkOhterPlugins","author":"MoonIceInk","latestVersion":"v0.0.117","latestDownloadUrl":"http://file.liangxiegame.com/IceInkOhterPluginsv0_0_117_6ce999cc_4e09_45d2_aacd_948293433785.unitypackage","installPath":"Assets/IceInkOhterPlugins/","accessRight":"public","type":"Framework"},{"id":"de6e567e-2af2-490f-b052-8d3be4576392","description":"","name":"GameplayKitDemo","author":"liangxie","latestVersion":"v0.1.3","latestDownloadUrl":"http://file.liangxiegame.com/GameplayKitDemov0_1_3_867af8e5_3dda_4412_ba82_92d8c5720357.unitypackage","installPath":"Assets/GameplayKitDemo/","accessRight":"public","type":"Example/Demo"},{"id":"36a44b95-0fb8-4521-836b-9c946e6ae754","description":"","name":"FrameworkTests","author":"liangxie","latestVersion":"v0.4.4","latestDownloadUrl":"https://file.liangxiegame.com/FrameworkTestsv0_4_4_7fe8f441_ba5c_4afe_a550_b96f8885485b.unitypackage","installPath":"Assets/QFramework/Tests/FrameworkTests/","accessRight":"public","type":"Framework"},{"id":"7bb4dc2a-47e1-4711-883a-58153b8c7285","description":"","name":"FrameworkExamples","author":"liangxie","latestVersion":"v0.9.5","latestDownloadUrl":"https://file.liangxiegame.com/FrameworkExamplesv0_9_5_32ce4add_3e82_4d20_a271_0c13f4a494a8.unitypackage","installPath":"Assets/QFramework/Examples/FrameworkExamples/","accessRight":"public","type":"Framework"},{"id":"17e600f8-c6fa-4fdf-a77e-843e28627e2f","description":"","name":"Framework","author":"liangxie","latestVersion":"v0.10.45","latestDownloadUrl":"https://file.liangxiegame.com/Frameworkv0_10_45_0d131d7d_c1c0_4296_85e9_2c50132e7a0f.unitypackage","installPath":"Assets/QFramework/Framework/","accessRight":"public","type":"Framework"},{"id":"b37b4564-cd55-44c1-894b-4217e8f0b5cb","description":"一个可以动态适应内部文字大小的panel","name":"FluentTextBox","author":"joker","latestVersion":"v0.0.2","latestDownloadUrl":"http://file.liangxiegame.com/FluentTextBoxv0_0_2_3dd6d039_6a1b_4311_bf38_843fab4feac5.unitypackage","installPath":"Assets/FluentTextBox/","accessRight":"public","type":"Plugin"},{"id":"7bb81d32-19d2-4c93-8cd0-ff5fea56f4e7","description":"","name":"FlexiSocket","author":"liangxie","latestVersion":"v0.0.1","latestDownloadUrl":"http://file.liangxiegame.com/FlexiSocketv0_0_1_51f35929_696a_43dc_971c_70de86f01ce4.unitypackage","installPath":"Assets/QFramework/Extensions/FlexiSocket/","accessRight":"public","type":"Plugin"},{"id":"b6163729-1e12-47d6-87a0-c1ea5f5d2fe1","description":"","name":"Extensions","author":"liangxie","latestVersion":"v0.0.8","latestDownloadUrl":"https://file.liangxiegame.com/Extensionsv0_0_8_a2534694_a0e2_4225_b429_6a84bfc0e2e2.unitypackage","installPath":"Assets/QFramework/Extensions/","accessRight":"public","type":"Framework"},{"id":"2ef938c7-fade-41f4-8b75-a9ba8b91a691","description":"","name":"EGOUnityEditor","author":"liangxie","latestVersion":"v0.0.8","latestDownloadUrl":"https://file.liangxiegame.com/EGOUnityEditorv0_0_8_7dc17db9_3799_4347_b67a_7d00b735540b.unitypackage","installPath":"Assets/QFramework/Tools/EGOUnityEditor/","accessRight":"public","type":"Plugin"},{"id":"307163e7-121a-4d39-a55b-e189b6fe9f94","description":"拖鞋大佬写的 一个插件\n\n### Editor 模块简介:\n\n这里是对Unity编辑器的扩展，也包含了对Unity组件Inspector的拓展\n\n有任何问题请在 QQ 群里 @拖鞋\n\n# **工具**\n\n## 1. **Transform检视面板**\n\n![](<https://ws3.sinaimg.cn/large/006tNc79gy1fzhuhaxbiej30b803qgln.jpg>)\n\n**按键功能**\n\n1. P/R/S：设置默认，注：P/R 为000，S为111\n2. Round./.0/.00：按小数点位数四舍五入\n3. Copy/ Paste：复制/粘贴Transform的数据（非引用Transform）\n\n注：区分Local和Global数据\n\n1. PPos/PRot/PSca：单独粘贴Pos, 单独粘贴Rot, 单独粘贴Sca\n\n**Transform和RectTransform共有的：**\n\n![](<https://ws2.sinaimg.cn/large/006tNc79gy1fzhuhrhc3qj30b803qgln.jpg>)\n\n1. Name：根据第一个非Transform的组件自动命名\n2. Auto Ref：按照变量名自动引用序列化变量\n3. CalledByEditor()：此物体的所有组件调用这个函数（实现编辑器下做批量操作）\n4. C：复制CalledByEditor() { }的代码到剪贴板\n\n1. 1. **RectTransform检视面板**\n\n![](<https://ws2.sinaimg.cn/large/006tNc79gy1fzhuhxybczj30b807v3yp.jpg>)\n\n**快捷键：（鼠标指向Help弹出文字提示）**\n\n1. CTRL+箭头：偏移1\n2. CTRL Shift+箭头：偏移10\n\n**编辑器界面按钮：**\n\n1. P/D/R/S：设置默认，注：P/R 为000，S为111\n2. C/P：复制粘贴数据\n3. Round：位数四舍五入成整数\n4. F：快速设为下图\n\n![](<https://ws2.sinaimg.cn/large/006tNc79gy1fzhui7ob9pj30b8036746.jpg>)\n\n1. N：快速设为下图\n\n![](<https://ws1.sinaimg.cn/large/006tNc79gy1fzhuiqmonqj30b8036q2u.jpg>)\n\n1. Pivot：快速设锚点\n\n![](<https://ws4.sinaimg.cn/large/006tNc79gy1fzhuj61rerj30b807v3yp.jpg>)\n\n**Transform和RectTransform共有的：**\n\n![](<https://ws1.sinaimg.cn/large/006tNc79gy1fzhujhdb46j30b803qgln.jpg>)\n\n1. Name：根据第一个非Transform的组件自动命名\n2. Auto Ref：按照变量名自动引用序列化变量\n3. CalledByEditor()：此物体的所有组件调用这个函数（实现编辑器下做批量操作）\n4. C：复制CalledByEditor() { }的代码到剪贴板\n\n### 1. 1. **Hierarchy面板*****（注：这个邮件菜单可能有其他成员的功能未列入）***\n\n快捷键：\n\n1. CTRL+d：复制一个物体，保持原命名\n2. CTRL+s：排序子物体\n3. CTRL+g：选中的物体打组\n\n右键菜单：\n\n![](<https://ws3.sinaimg.cn/large/006tNc79gy1fzhuk0kf4ej309i0bfwej.jpg>)\n\n1. Create Empty – Top：添加子物体，移动到第一位\n2. Get Var Code Auto：将选中物体按类型生成代码复制到粘贴板\n3. UI->img：新建一个Image，命名为img，不勾选Raycast\n4. UI->txt：新建一个Text，命名为txt，不勾选Raycast\n","name":"EditorToolKit","author":"liangxie","latestVersion":"v0.4.0","latestDownloadUrl":"http://file.liangxiegame.com/EditorToolKitv0_4_0_eff61bb3_3002_404c_9fcf_00f75c52ffb3.unitypackage","installPath":"Assets/QFramework/EditorExtensions/EditorToolKit/","accessRight":"public","type":"Framework"},{"id":"38d8b530-37e0-4f51-89c7-9ab217a2f729","description":"","name":"EditorKit","author":"liangxie","latestVersion":"v0.0.1","latestDownloadUrl":"https://file.liangxiegame.com/EditorKitv0_0_1_cc5c2f5b_f3c3_436e_8ab5_80c7dcde3e96.unitypackage","installPath":"Assets/QFramework/Framework/0.PackageKit/EditorKit/","accessRight":"public","type":"Framework"},{"id":"c1ea2e90-bbc1-4811-bbac-a1e111010203","description":"","name":"Deprecated","author":"liangxie","latestVersion":"v0.0.1","latestDownloadUrl":"https://file.liangxiegame.com/Deprecatedv0_0_1_dabc41b0_3fc3_4620_b4e9_0aaa2c8bd97c.unitypackage","installPath":"Assets/QFramework/Deprecated/","accessRight":"public","type":"Framework"},{"id":"1e6b1af6-6b06-4907-9308-8db11317a063","description":"","name":"Demo","author":"liangxie","latestVersion":"v0.0.28","latestDownloadUrl":"http://file.liangxiegame.com/Demov0_0_28_11c3f561_e361_4807_9688_89075c9370f0.unitypackage","installPath":"Assets/QFramework/Demo/","accessRight":"public","type":"Example/Demo"},{"id":"194324cc-0076-4ea1-a734-a6ece048f432","description":"","name":"DataStructure2020","author":"liangxie","latestVersion":"v0.0.1","latestDownloadUrl":"http://file.liangxiegame.com/DataStructure2020v0_0_1_c7ff23d7_d14f_4712_9550_c3cdf81d4b46.unitypackage","installPath":"Assets/DataStructure2020/","accessRight":"public","type":"Plugin"},{"id":"0a48b0ae-49a3-419f-9e81-d3183e0d72bd","description":"","name":"CSharpExtensionExample","author":"liangxie","latestVersion":"v0.1.3","latestDownloadUrl":"http://file.liangxiegame.com/CSharpExtensionExamplev0_1_3_3b8a53cd_e6d7_45a5_9671_c582e946a30d.unitypackage","installPath":"Assets/QFrameworkExample/1.CoreExample/CSharpExtensionExample/","accessRight":"public","type":"Example/Demo"},{"id":"0a9407ce-d395-43c6-b2b0-abfec3e50824","description":"","name":"CSharpExtension","author":"liangxie","latestVersion":"v0.3.0","latestDownloadUrl":"https://file.liangxiegame.com/CSharpExtensionv0_3_0_248b1c30_d4da_4cd1_93e2_71329a57e5bb.unitypackage","installPath":"Assets/QFramework/Framework/1.Core/CSharpExtension/","accessRight":"public","type":"Framework"},{"id":"9da229ce-046a-41fc-bf82-3f80b57a305d","description":"","name":"Cocos","author":"liangxie","latestVersion":"v0.0.14","latestDownloadUrl":"https://file.liangxiegame.com/Cocosv0_0_14_ad8e6eb2_bcb9_42ca_ba62_f01b13038d62.unitypackage","installPath":"Assets/QFramework/Cocos/","accessRight":"public","type":"Plugin"},{"id":"aeaa1f12-d006-4e2c-9ef6-81768a90986a","description":"","name":"AudioExample","author":"liangxie","latestVersion":"v0.0.0","latestDownloadUrl":"empty","installPath":"empty","accessRight":"public","type":"Plugin"},{"id":"0fdaa774-819e-486c-a03b-04d52c81c3a9","description":"","name":"ActionKitUniRxSupport","author":"liangxie","latestVersion":"v0.0.1","latestDownloadUrl":"http://file.liangxiegame.com/ActionKitUniRxSupportv0_0_1_907bf5a7_0220_4447_89ba_67f4cac777f4.unitypackage","installPath":"Assets/QFramework/Extensions/ActionKitUniRxSupport/","accessRight":"public","type":"Plugin"},{"id":"d247c6f7-7163-4ee3-8b26-2a41e76b5ef3","description":"","name":"ActionKitHTTPSupport","author":"liangxie","latestVersion":"v0.0.1","latestDownloadUrl":"http://file.liangxiegame.com/ActionKitHTTPSupportv0_0_1_7a891ede_5045_4d1b_ae39_42e64487a904.unitypackage","installPath":"Assets/QFramework/Extensions/ActionKitHTTPSupport/","accessRight":"public","type":"Plugin"},{"id":"505d9b3a-4a07-487d-86e7-de8096bc9016","description":"","name":"ActionKitExample","author":"liangxie","latestVersion":"v0.0.8","latestDownloadUrl":"https://file.liangxiegame.com/ActionKitExamplev0_0_8_1c3e010e_ef18_41c0_8ce9_6e43ac0d636e.unitypackage","installPath":"Assets/QFramework/Examples/FrameworkExamples/1.CoreExample/ActionKitExample/","accessRight":"public","type":"Example/Demo"},{"id":"e407097c-13f1-436d-b2a1-538bf0354ac1","description":"","name":"ActionKitDOTweenSupport","author":"liangxie","latestVersion":"v0.0.3","latestDownloadUrl":"http://file.liangxiegame.com/ActionKitDOTweenSupportv0_0_3_f2c8c036_b0d9_4ab0_bf57_5e56b1480a7d.unitypackage","installPath":"Assets/QFramework/Extensions/ActionKitDOTweenSupport/","accessRight":"public","type":"Plugin"},{"id":"5270aa6d-5125-4a37-aa78-7761e0c606a5","description":"","name":"ActionKit","author":"liangxie","latestVersion":"v0.0.15","latestDownloadUrl":"https://file.liangxiegame.com/ActionKitv0_0_15_541af6cc_ab45_4956_b2fc_501636030a5e.unitypackage","installPath":"Assets/QFramework/Framework/1.Core/ActionKit/","accessRight":"public","type":"Framework"},{"id":"d5918391-ea42-4d59-9480-9c9a10a95a1c","description":"","name":"4.AudioTests","author":"liangxie","latestVersion":"v0.0.5","latestDownloadUrl":"http://file.liangxiegame.com/4.AudioTestsv0_0_5_6a6aa0a8_d604_4206_875d_ba80f31d2e32.unitypackage","installPath":"Assets/QFramework/Tests/FrameworkTests/4.AudioTests/","accessRight":"public","type":"Plugin"},{"id":"45c6d587-3a62-4627-881f-e42576fca8f5","description":"","name":"4.AudioKitExample","author":"liangxie","latestVersion":"v0.2.0","latestDownloadUrl":"https://file.liangxiegame.com/4.AudioKitExamplev0_2_0_31633b67_9ac0_471b_8673_9f89745100ce.unitypackage","installPath":"Assets/QFramework/Examples/FrameworkExamples/4.AudioKitExample/","accessRight":"public","type":"Example/Demo"},{"id":"8b1f7601-ba58-4287-bd4e-768f39dcc5fe","description":"","name":"4.AudioKit","author":"liangxie","latestVersion":"v0.10.9","latestDownloadUrl":"https://file.liangxiegame.com/4.AudioKitv0_10_9_32943c53_123a_45f8_8c68_db3d8cb246d3.unitypackage","installPath":"Assets/QFramework/Framework/4.AudioKit/","accessRight":"public","type":"Framework"},{"id":"7679a866-5f31-4151-bab7-3ea1f542e5cb","description":"","name":"3.UIKitTests","author":"liangxie","latestVersion":"v0.0.1","latestDownloadUrl":"http://file.liangxiegame.com/3.UIKitTestsv0_0_1_262b2ab0_f167_42b6_ab32_1b506fcc2476.unitypackage","installPath":"Assets/QFramework/Tests/FrameworkTests/3.UIKitTests/","accessRight":"public","type":"Example/Demo"},{"id":"26e25b72-c7cb-4977-a17f-8d8d1faf3ff8","description":"","name":"3.UIKitExample","author":"liangxie","latestVersion":"v0.9.3","latestDownloadUrl":"https://file.liangxiegame.com/3.UIKitExamplev0_9_3_7e248185_4132_4a6c_aa12_fa6909119812.unitypackage","installPath":"Assets/QFramework/Examples/FrameworkExamples/3.UIKitExample/","accessRight":"public","type":"Example/Demo"},{"id":"a1a96d91-713e-4258-a3a7-c8293ac52327","description":"","name":"3.UIKit","author":"liangxie","latestVersion":"v0.10.27","latestDownloadUrl":"https://file.liangxiegame.com/3.UIKitv0_10_27_a9198d07_46e2_497c_81b0_4fd9d724340d.unitypackage","installPath":"Assets/QFramework/Framework/3.UIKit/","accessRight":"public","type":"Framework"},{"id":"2e608760-a5ed-4657-a983-0474ea2fc6c2","description":"","name":"2.ResKitTests","author":"liangxie","latestVersion":"v0.1.1","latestDownloadUrl":"https://file.liangxiegame.com/2.ResKitTestsv0_1_1_3354aa04_1b54_485c_8b76_39431e1cbe1e.unitypackage","installPath":"Assets/QFramework/Tests/FrameworkTests/2.ResKitTests/","accessRight":"public","type":"Framework"},{"id":"edade086-13c7-4698-92a4-d521316bfaa7","description":"","name":"2.ResKitExample","author":"liangxie","latestVersion":"v0.9.0","latestDownloadUrl":"https://file.liangxiegame.com/2.ResKitExamplev0_9_0_78d3b8f6_f93c_4989_96f8_f18d9afdbd9c.unitypackage","installPath":"Assets/QFramework/Examples/FrameworkExamples/2.ResKitExample/","accessRight":"public","type":"Example/Demo"},{"id":"33aaa569-d1fc-4831-9831-feadbb1a873f","description":"","name":"2.ResKit","author":"liangxie","latestVersion":"v0.11.19","latestDownloadUrl":"https://file.liangxiegame.com/2.ResKitv0_11_19_5681b6ea_6193_4e86_a3f8_9119826021d9.unitypackage","installPath":"Assets/QFramework/Framework/2.ResKit/","accessRight":"public","type":"Framework"},{"id":"b8370652-681c-4698-b491-161fde47fe42","description":"","name":"1.CoreTests","author":"liangxie","latestVersion":"v0.0.2","latestDownloadUrl":"http://file.liangxiegame.com/1.CoreTestsv0_0_2_9db804c3_a9ae_4bfc_88a4_f396090c9376.unitypackage","installPath":"Assets/QFramework/Tests/FrameworkTests/1.CoreTests/","accessRight":"public","type":"Example/Demo"},{"id":"2aa3d44e-00ca-4773-92fb-10a7c5584228","description":"","name":"1.CoreExample","author":"liangxie","latestVersion":"v0.1.3","latestDownloadUrl":"https://file.liangxiegame.com/1.CoreExamplev0_1_3_f6f6c53e_832b_44df_bd6a_db732d7d5124.unitypackage","installPath":"Assets/QFramework/Examples/FrameworkExamples/1.CoreExample/","accessRight":"public","type":"Example/Demo"},{"id":"2265eec8-384f-4a45-beb7-269f3bfb169e","description":"","name":"1.Core","author":"liangxie","latestVersion":"v0.10.19","latestDownloadUrl":"https://file.liangxiegame.com/1.Corev0_10_19_0b887eba_a68c_4c93_8729_709b18c4f6a9.unitypackage","installPath":"Assets/QFramework/Framework/1.Core/","accessRight":"public","type":"Framework"},{"id":"e9b88a67-f134-4371-8f63-f52265366d15","description":"","name":"0.PackageKitExample","author":"liangxie","latestVersion":"v0.1.0","latestDownloadUrl":"https://file.liangxiegame.com/0.PackageKitExamplev0_1_0_9a1f7fa9_f23b_4bdd_ab81_3c847be95394.unitypackage","installPath":"Assets/QFramework/Examples/FrameworkExamples/0.PackageKitExample/","accessRight":"public","type":"Example/Demo"},{"id":"42d449c5-515c-4835-bbf3-c95915a262bb","description":"## 插件工具包\n\nQFramework 默认的轻量级包管理工具，可独立运行，不依赖任何 QFramework 模块，包体大小仅仅几十kb。\n\n## 安装\n* 下载后直接导入即可\n\n## 使用方式\n* 打开界面\n  * 方式一：快捷键 ctrl/cmd + e  或者 ctrl/cmd + shift + e\n  * 方式二：菜单 QFramework/Package Kit 或 QFramework/Preferences\n\n打开后界面如下:\n![image.png](http://file.liangxiegame.com/c1ad9cc9-e42e-4ced-8fd7-906d6c9f8e62.png) \n\n  ","name":"0.PackageKit","author":"liangxie","latestVersion":"v0.13.7","latestDownloadUrl":"https://file.liangxiegame.com/0.PackageKitv0_13_7_2f278bd5_c544_43b4_855b_adfc1b84e1de.unitypackage","installPath":"Assets/QFramework/Framework/0.PackageKit/","accessRight":"public","type":"Framework"}]}